Frame,Froxel_ms,Raymarch_ms
1,2.39581,0
2,3.41037,0
3,2.3969,0
4,4.13901,0
5,4.15997,0
6,4.13344,0
7,4.1304,0
8,3.7839,0
9,3.74451,0
10,3.77254,0
11,3.81286,0
12,3.81274,0
13,3.77174,0
14,3.30547,0
15,3.29402,0
16,3.33043,0
17,3.76278,0
18,3.75114,0
19,4.10896,0
20,4.13962,0
21,4.14307,0
22,4.14304,0
23,4.15123,0
24,3.63677,0
25,3.64589,0
26,3.66611,0
27,3.62701,0
28,3.65626,0
29,3.62147,0
30,3.62454,0
31,3.27885,0
32,3.69952,0
33,3.27677,0
34,3.32426,0
35,3.32186,0
36,3.3256,0
37,3.29456,0
38,3.32301,0
39,3.28909,0
40,3.34848,0
41,3.27965,0
42,3.27066,0
43,3.29936,0
44,3.51526,0
45,3.29142,0
46,3.27626,0
47,3.2447,0
48,3.30576,0
49,3.29677,0
50,3.64422,0
51,3.27786,0
52,3.63827,0
53,3.60986,0
54,3.66736,0
55,3.65568,0
56,3.6767,0
57,3.65757,0
58,3.67587,0
59,3.66749,0
60,3.65338,0
61,3.57376,0
62,3.60678,0
63,3.63389,0
64,3.67821,0
65,3.62915,0
66,3.65363,0
67,3.60662,0
68,3.65446,0
69,3.61062,0
70,3.66163,0
71,3.61187,0
72,3.66941,0
73,3.66656,0
74,3.63718,0
75,3.27011,0
76,3.27002,0
77,3.67206,0
78,3.27766,0
79,3.29933,0
80,3.31776,0
81,3.29318,0
82,3.32554,0
83,3.26656,0
84,3.29066,0
85,3.25222,0
86,3.29731,0
87,3.3152,0
88,3.30182,0
89,3.32496,0
90,3.6432,0
91,3.60739,0
92,3.67206,0
93,3.65773,0
94,3.63638,0
95,3.66531,0
96,3.66365,0
97,3.67696,0
98,3.63894,0
99,3.68384,0
100,3.6448,0
101,3.64413,0
102,3.59069,0
103,3.62675,0
104,3.65766,0
105,3.66477,0
106,3.63517,0
107,3.6087,0
108,3.64474,0
109,3.6393,0
110,3.66797,0
111,3.65952,0
112,3.61738,0
113,3.30726,0
114,3.68755,0
115,3.28294,0
116,3.31517,0
117,3.24608,0
118,3.29158,0
119,3.21878,0
120,3.25456,0
121,3.29802,0
122,3.27885,0
123,3.2768,0
124,3.29843,0
125,3.30621,0
126,3.28874,0
127,3.31107,0
128,3.28429,0
129,3.2825,0
130,3.62496,0
131,3.66182,0
132,3.68525,0
133,3.68195,0
134,3.58976,0
135,3.68493,0
136,3.61354,0
137,3.6311,0
138,3.7145,0
139,3.65488,0
140,3.6616,0
141,3.66333,0
142,3.64749,0
143,3.65053,0
144,3.65274,0
145,3.63082,0
146,3.63926,0
147,3.71226,0
148,3.64954,0
149,3.66365,0
150,3.67494,0
151,3.66592,0
152,3.62288,0
153,3.62106,0
154,3.71478,0
155,3.69446,0
156,3.3025,0
157,3.28115,0
158,3.3321,0
159,3.30138,0
160,3.23994,0
161,3.29318,0
162,3.28614,0
163,3.32445,0
164,3.27814,0
165,3.29728,0
166,3.30957,0
167,3.2929,0
168,3.29728,0
169,3.27565,0
170,3.2777,0
171,3.64339,0
172,3.61024,0
173,3.61472,0
174,3.70074,0
175,3.64051,0
176,3.6385,0
177,3.65568,0
178,3.66182,0
179,3.61677,0
180,3.68339,0
181,3.65773,0
182,3.6449,0
183,3.66611,0
184,3.63114,0
185,3.64134,0
186,3.62691,0
187,3.64541,0
188,3.67002,0
189,3.62627,0
190,3.67616,0
191,3.64093,0
192,3.66394,0
193,3.69674,0
194,3.7601,0
195,3.61901,0
196,3.64134,0
197,3.64544,0
198,3.6272,0
199,3.3112,0
200,3.34096,0
201,3.65526,0
202,3.28566,0
203,3.26592,0
204,3.33005,0
205,3.28163,0
206,3.2897,0
207,3.23584,0
208,3.26246,0
209,3.31264,0
210,3.33258,0
211,3.30531,0
212,3.26246,0
213,3.28909,0
214,3.28141,0
215,3.28928,0
216,3.65309,0
217,3.62314,0
218,3.71443,0
219,3.6256,0
220,3.65741,0
221,3.64368,0
222,3.63398,0
223,3.62522,0
224,3.67171,0
225,3.66182,0
226,3.60858,0
227,3.70522,0
228,3.63994,0
229,3.61344,0
230,3.63315,0
231,3.6823,0
232,3.59098,0
233,3.62896,0
234,3.64954,0
235,3.63066,0
236,3.59629,0
237,3.67821,0
238,3.66387,0
239,3.31162,0
240,3.25014,0
241,3.63744,0
242,3.29434,0
243,3.2849,0
244,3.25274,0
245,3.25222,0
246,3.23568,0
247,3.27885,0
248,3.27901,0
249,3.30422,0
250,3.27184,0
251,3.25984,0
252,3.60858,0
253,3.63923,0
254,3.65222,0
255,3.62291,0
256,3.6728,0
257,3.66918,0
258,3.61869,0
259,3.64544,0
260,3.65773,0
261,3.6393,0
262,3.64474,0
263,3.68221,0
264,3.66525,0
265,3.61453,0
266,3.68435,0
267,3.65418,0
268,3.6297,0
269,3.644,0
270,3.63699,0
271,3.63795,0
272,3.71542,0
273,3.65254,0
274,3.68211,0
275,3.69651,0
276,3.69472,0
277,3.68627,0
278,3.34848,0
279,3.68154,0
280,3.28374,0
281,3.28294,0
282,3.26413,0
283,3.31814,0
284,3.32154,0
285,3.32186,0
286,3.29933,0
287,3.24826,0
288,3.29306,0
289,3.25837,0
290,3.30048,0
291,3.31222,0
292,3.28416,0
293,3.66058,0
294,3.29821,0
295,3.64246,0
296,3.30707,0
297,3.61459,0
298,3.6649,0
299,3.6823,0
300,3.62858,0
301,3.66557,0
302,3.62986,0
303,3.61984,0
304,3.67402,0
305,3.6671,0
306,3.64442,0
307,3.6247,0
308,3.66253,0
309,3.6377,0
310,3.68029,0
311,3.63933,0
312,3.63718,0
313,3.64195,0
314,3.61667,0
315,3.64288,0
316,3.65645,0
317,3.65773,0
318,3.6713,0
319,3.64726,0
320,3.30358,0
321,3.29114,0
322,3.66294,0
323,3.27962,0
324,3.29587,0
325,3.31776,0
326,3.31914,0
327,3.332,0
328,3.29126,0
329,3.32835,0
330,3.27066,0
331,3.30915,0
332,3.29318,0
333,3.31437,0
334,3.30614,0
335,3.30496,0
336,3.31728,0
337,3.25338,0
338,3.27066,0
339,3.61229,0
340,3.63811,0
341,3.66909,0
342,3.68938,0
343,3.67616,0
344,3.84438,0
345,3.62278,0
346,3.61859,0
347,3.68086,0
348,3.68026,0
349,3.61869,0
350,3.69642,0
351,3.70845,0
352,3.66845,0
353,3.65363,0
354,3.67821,0
355,3.65994,0
356,3.6393,0
357,3.64134,0
358,3.66403,0
359,3.67437,0
360,3.6303,0
361,3.61005,0
362,3.5919,0
363,3.27475,0
364,3.26861,0
365,3.68813,0
366,3.65264,0
367,3.31098,0
368,3.27053,0
369,3.29318,0
370,3.27277,0
371,3.34352,0
372,3.32464,0
373,3.30042,0
374,3.29421,0
375,3.33219,0
376,3.29114,0
377,3.27382,0
378,3.27309,0
379,3.29776,0
380,3.29466,0
381,3.28726,0
382,3.65997,0
383,3.67206,0
384,3.71802,0
385,3.69869,0
386,3.69914,0
387,3.67853,0
388,3.6711,0
389,3.64954,0
390,3.64749,0
391,3.63011,0
392,3.66592,0
393,3.66864,0
394,3.65005,0
395,3.64,0
396,3.7216,0
397,3.67206,0
398,3.68669,0
399,3.64886,0
400,3.67616,0
401,3.64083,0
402,3.66182,0
403,3.63206,0
404,3.64691,0
405,3.65926,0
406,3.63622,0
407,3.62483,0
408,3.2895,0
409,3.29907,0
410,3.62077,0
411,3.28909,0
412,3.27104,0
413,3.29568,0
414,3.33469,0
415,3.28704,0
416,3.27066,0
417,3.27885,0
418,3.3239,0
419,3.27648,0
420,3.29152,0
421,3.31632,0
422,3.31571,0
423,3.2929,0
424,3.64544,0
425,3.32707,0
426,3.67939,0
427,3.68691,0
428,3.64896,0
429,3.68026,0
430,3.68538,0
431,3.70797,0
432,3.72061,0
433,3.69309,0
434,3.67984,0
435,3.69021,0
436,3.59603,0
437,3.64528,0
438,3.69357,0
439,3.65757,0
440,3.60851,0
441,3.65978,0
442,3.6352,0
443,3.64154,0
444,3.6399,0
445,3.69869,0
446,3.63725,0
447,3.65075,0
448,3.61923,0
449,3.67002,0
450,3.6311,0
451,3.632,0
452,3.66387,0
453,3.69958,0
454,3.26269,0
455,3.2751,0
456,3.26797,0
457,3.31459,0
458,3.25242,0
459,3.34262,0
460,3.25482,0
461,3.3224,0
462,3.27882,0
463,3.32141,0
464,3.30256,0
465,3.27664,0
466,3.29341,0
467,3.2609,0
468,3.28294,0
469,3.60618,0
470,3.61293,0
471,3.68237,0
472,3.63539,0
473,3.6895,0
474,3.63258,0
475,3.65987,0
476,3.66643,0
477,3.6783,0
478,3.68845,0
479,3.66794,0
480,3.67053,0
481,3.72998,0
482,3.71373,0
483,3.65568,0
484,3.69459,0
485,3.69254,0
486,3.6905,0
487,3.70314,0
488,3.69459,0
489,3.67686,0
490,3.66592,0
491,3.67334,0
492,3.6649,0
493,3.66134,0
494,3.89325,0
495,3.66822,0
496,3.6983,0
497,3.65363,0
498,3.68208,0
499,3.66288,0
500,0,3.63018
501,0,3.27533
502,0,3.6993
503,0,2.45392
504,0,2.44163
505,0,2.44176
506,0,2.43862
507,0,2.82128
508,0,2.82304
509,0,2.83034
510,0,2.43565
511,0,2.43722
512,0,2.4352
513,0,2.81635
514,0,2.83226
515,0,2.82925
516,0,2.45104
517,0,2.43094
518,0,2.43616
519,0,2.42966
520,0,2.80682
521,0,2.83126
522,0,2.44829
523,0,2.44275
524,0,2.43651
525,0,2.4351
526,0,2.79302
527,0,2.81923
528,0,2.82381
529,0,2.44278
530,0,2.43302
531,0,2.43971
532,0,2.43501
533,0,2.79757
534,0,2.82522
535,0,2.82186
536,0,2.44854
537,0,2.4327
538,0,2.43722
539,0,2.43286
540,0,2.79958
541,0,2.82682
542,0,2.82432
543,0,2.44736
544,0,2.43158
545,0,2.4336
546,0,2.43395
547,0,2.80986
548,0,2.82147
549,0,2.8265
550,0,2.4335
551,0,2.43629
552,0,2.43507
553,0,2.80109
554,0,2.81974
555,0,2.82208
556,0,2.43946
557,0,2.43302
558,0,2.43376
559,0,2.79699
560,0,2.82186
561,0,2.82419
562,0,2.44051
563,0,2.44861
564,0,2.43302
565,0,2.43469
566,0,2.79635
567,0,2.82384
568,0,2.82493
569,0,2.44806
570,0,2.43507
571,0,2.43107
572,0,2.43398
573,0,2.79347
574,0,2.82349
575,0,2.82912
576,0,2.44483
577,0,2.43507
578,0,2.43424
579,0,2.43338
580,0,2.82371
581,0,2.81994
582,0,2.81846
583,0,2.44326
584,0,2.43498
585,0,2.43821
586,0,2.43296
587,0,2.81088
588,0,2.82656
589,0,2.81654
590,0,2.43507
591,0,2.43357
592,0,2.43542
593,0,2.79859
594,0,2.82563
595,0,2.82035
596,0,2.44362
597,0,2.43462
598,0,2.43302
599,0,2.43302
600,0,2.79552
601,0,2.82624
602,0,2.82829
603,0,2.44394
604,0,2.43395
605,0,2.42973
606,0,2.43491
607,0,2.79347
608,0,2.82365
609,0,2.82099
610,0,2.43734
611,0,2.4328
612,0,2.4329
613,0,2.43546
614,0,2.8136
615,0,2.82979
616,0,2.44941
617,0,2.43341
618,0,2.43347
619,0,2.43651
620,0,2.80986
621,0,2.82051
622,0,2.44323
623,0,2.44272
624,0,2.4345
625,0,2.43098
626,0,2.79789
627,0,2.81827
628,0,2.81805
629,0,2.44726
630,0,2.43098
631,0,2.43229
632,0,2.43098
633,0,2.79408
634,0,2.8263
635,0,2.82243
636,0,2.44326
637,0,2.43133
638,0,2.43526
639,0,2.43152
640,0,2.7943
641,0,2.82864
642,0,2.8201
643,0,2.44384
644,0,2.43098
645,0,2.43642
646,0,2.43408
647,0,2.79683
648,0,2.81792
649,0,2.82051
650,0,2.4417
651,0,2.43098
652,0,2.43517
653,0,2.43686
654,0,2.81779
655,0,2.816
656,0,2.44918
657,0,2.42992
658,0,2.43302
659,0,2.43331
660,0,2.80237
661,0,2.82038
662,0,2.45011
663,0,2.66496
664,0,2.43098
665,0,2.43507
666,0,2.43302
667,0,2.80787
668,0,2.82154
669,0,2.8233
670,0,2.44534
671,0,2.43302
672,0,2.43181
673,0,2.7953
674,0,2.82192
675,0,2.82214
676,0,2.82429
677,0,2.43917
678,0,2.43302
679,0,2.42938
680,0,2.796
681,0,2.82214
682,0,2.8239
683,0,2.44736
684,0,2.43354
685,0,2.43315
686,0,2.42957
687,0,2.79514
688,0,2.82656
689,0,2.82726
690,0,2.44746
691,0,2.43098
692,0,2.43818
693,0,2.43504
694,0,2.79478
695,0,2.82678
696,0,2.82221
697,0,2.44566
698,0,2.43408
699,0,2.43491
700,0,2.43354
701,0,2.81875
702,0,2.8159
703,0,2.82336
704,0,2.44326
705,0,2.4353
706,0,2.43312
707,0,2.43178
708,0,2.82134
709,0,2.82797
710,0,2.81859
711,0,2.42842
712,0,2.43414
713,0,2.43222
714,0,2.808
715,0,2.82419
716,0,2.82829
717,0,2.45146
718,0,2.43482
719,0,2.43558
720,0,2.79181
721,0,2.82035
722,0,2.8184
723,0,2.44736
724,0,2.44941
725,0,2.43741
726,0,2.4327
727,0,2.79427
728,0,2.82624
729,0,2.81923
730,0,2.44979
731,0,2.43098
732,0,2.43482
733,0,2.43302
734,0,2.7983
735,0,2.8247
736,0,2.82358
737,0,2.44944
738,0,2.43469
739,0,2.43098
740,0,2.43712
741,0,2.82515
742,0,2.82362
743,0,2.82269
744,0,2.44906
745,0,2.43507
746,0,2.43667
747,0,2.43174
748,0,2.80986
749,0,2.82378
750,0,2.44605
751,0,2.43418
752,0,2.43917
753,0,2.43587
754,0,2.43552
755,0,2.81514
756,0,2.82976
757,0,2.44864
758,0,2.43507
759,0,2.43302
760,0,2.43619
761,0,2.80986
762,0,2.82624
763,0,2.83443
764,0,2.45027
765,0,2.43168
766,0,2.4351
767,0,2.79757
768,0,2.82045
769,0,2.81587
770,0,2.44941
771,0,2.44698
772,0,2.43274
773,0,2.43683
774,0,2.796
775,0,2.82614
776,0,2.82131
777,0,2.44858
778,0,2.4353
779,0,2.4368
780,0,2.43843
781,0,2.79722
782,0,2.83632
783,0,2.82829
784,0,2.44531
785,0,2.43194
786,0,2.43475
787,0,2.43344
788,0,2.79552
789,0,2.82941
790,0,2.83027
791,0,2.44941
792,0,2.43344
793,0,2.43226
794,0,2.43478
795,0,2.81629
796,0,2.82419
797,0,2.81955
798,0,2.43702
799,0,2.43715
800,0,2.43507
801,0,2.43462
802,0,2.81958
803,0,2.82707
804,0,2.44592
805,0,2.43507
806,0,2.43517
807,0,2.4353
808,0,2.80544
809,0,2.81814
810,0,2.82902
811,0,2.44797
812,0,2.43568
813,0,2.43248
814,0,2.79616
815,0,2.82214
816,0,2.81872
817,0,2.44269
818,0,2.44717
819,0,2.43302
820,0,2.43405
821,0,2.79632
822,0,2.83178
823,0,2.82192
824,0,2.44736
825,0,2.43498
826,0,2.43098
827,0,2.43251
828,0,2.79757
829,0,2.83443
830,0,2.82288
831,0,2.45059
832,0,2.43328
833,0,2.66272
834,0,2.43302
835,0,2.79757
836,0,2.83542
837,0,2.82758
838,0,2.45069
839,0,2.43475
840,0,2.43302
841,0,2.43478
842,0,2.79552
843,0,2.82803
844,0,2.82394
845,0,2.452
846,0,2.43507
847,0,2.43302
848,0,2.43507
849,0,2.81443
850,0,2.82243
851,0,2.82243
852,0,2.43776
853,0,2.43098
854,0,2.43542
855,0,2.4304
856,0,2.81411
857,0,2.82419
858,0,2.44512
859,0,2.43302
860,0,2.4344
861,0,2.43325
862,0,2.80781
863,0,2.8201
864,0,2.82762
865,0,2.44864
866,0,2.43098
867,0,2.43488
868,0,2.43693
869,0,2.80576
870,0,2.82624
871,0,2.4473
872,0,2.44326
873,0,2.43104
874,0,2.43626
875,0,2.79382
876,0,2.83014
877,0,2.81805
878,0,2.4473
879,0,2.43302
880,0,2.43155
881,0,2.43507
882,0,2.79318
883,0,2.8337
884,0,2.8273
885,0,2.44611
886,0,2.43418
887,0,2.43302
888,0,2.43254
889,0,2.79347
890,0,2.8223
891,0,2.81725
892,0,2.44771
893,0,2.43302
894,0,2.43712
895,0,2.43155
896,0,2.81658
897,0,2.83034
898,0,2.81933
899,0,2.43082
900,0,2.43494
901,0,2.43917
902,0,2.43533
903,0,2.82419
904,0,2.83411
905,0,2.4423
906,0,2.43507
907,0,2.43504
908,0,2.79606
909,0,2.81955
910,0,2.8201
911,0,2.82922
912,0,2.44531
913,0,2.43325
914,0,2.43699
915,0,2.43302
916,0,2.80445
917,0,2.8201
918,0,2.44144
919,0,2.44768
920,0,2.43917
921,0,2.43907
922,0,2.7975
923,0,2.82176
924,0,2.82125
925,0,2.44557
926,0,2.43296
927,0,2.42947
928,0,2.43117
929,0,2.79546
930,0,2.83024
931,0,2.82336
932,0,2.43917
933,0,2.43302
934,0,2.43075
935,0,2.43414
936,0,2.79552
937,0,2.82614
938,0,2.81802
939,0,2.44378
940,0,2.43302
941,0,2.43114
942,0,2.43498
943,0,2.80986
944,0,2.82138
945,0,2.81667
946,0,2.4319
947,0,2.4361
948,0,2.43162
949,0,2.43302
950,0,2.80922
951,0,2.81987
952,0,2.44509
953,0,2.43286
954,0,2.43261
955,0,2.43264
956,0,2.80781
957,0,2.82262
958,0,2.83075
959,0,2.44176
960,0,2.43389
961,0,2.43098
962,0,2.79552
963,0,2.8169
964,0,2.8201
965,0,2.44314
966,0,2.44214
967,0,2.43149
968,0,2.43216
969,0,2.79542
970,0,2.81987
971,0,2.81226
972,0,2.44877
973,0,2.43302
974,0,2.43302
975,0,2.43478
976,0,2.79514
977,0,2.83242
978,0,2.8279
979,0,2.44531
980,0,2.43651
981,0,2.43722
982,0,2.43501
983,0,2.79942
984,0,2.8201
985,0,2.82624
986,0,2.44621
987,0,2.4336
988,0,2.43427
989,0,2.43712
990,0,2.8144
991,0,2.82637
992,0,2.82038
993,0,2.43411
994,0,2.43683
995,0,2.43507
996,0,2.43302
997,0,2.81363
998,0,2.82624
999,0,2.44813
